profile_id,state,sqft,year,roof,build,use,claims,limit,deductible,liability,credit,flood,hurricane,fire,hail,quake,location_note,insurer,quote_date,hurricane_pct_applied,wind_hail_pct_applied,roof_payment_applied,coverage_notes,price
FL-1001,FL,1750,2009,9,frame,own,0,390000,1000,300,good,0,1,0,0,0,coastal or hurricane-exposed county,,,,,,,
FL-1002,FL,2550,2016,0,brick,own,1,655000,2500,300,excellent,0,1,0,0,0,coastal or hurricane-exposed county,,,,,,,
FL-1003,FL,2050,2010,5,frame,own,0,565000,1000,300,excellent,0,0,0,0,0,"inland, no special hazard",,,,,,,
FL-1004,FL,3250,2015,3,brick,own,0,810000,2500,100,good,1,0,0,0,0,in or near a mapped flood zone,,,,,,,
FL-1005,FL,1450,2001,16,frame,own,1,360000,2500,500,poor,0,1,0,0,0,coastal or hurricane-exposed county,,,,,,,
FL-1006,FL,3400,1961,12,frame,own,1,870000,1000,300,good,0,1,0,0,0,coastal or hurricane-exposed county,,,,,,,
FL-1007,FL,3350,2001,8,frame,own,0,945000,1000,100,poor,0,0,0,0,0,"inland, no special hazard",,,,,,,
FL-1008,FL,3500,1990,5,brick,own,2,890000,2500,300,fair,0,0,0,0,0,"inland, no special hazard",,,,,,,
FL-1009,FL,3000,1987,18,frame,own,0,680000,1000,300,fair,1,1,0,0,0,coastal or hurricane-exposed county; in or near a mapped flood zone,,,,,,,
FL-1010,FL,3200,2021,0,frame,own,0,645000,2500,300,poor,1,0,0,0,0,in or near a mapped flood zone,,,,,,,
FL-1011,FL,3350,2002,1,frame,own,0,845000,5000,300,good,0,0,0,0,0,"inland, no special hazard",,,,,,,
FL-1012,FL,1150,1992,3,brick,own,0,325000,1000,300,good,0,1,0,1,0,coastal or hurricane-exposed county; hail or tornado region,,,,,,,
FL-1013,FL,2400,1978,7,brick,own,1,655000,1000,300,good,0,0,0,0,0,"inland, no special hazard",,,,,,,
FL-1014,FL,1700,2020,0,frame,own,0,465000,2500,300,good,1,1,0,0,0,coastal or hurricane-exposed county; in or near a mapped flood zone,,,,,,,
FL-1015,FL,1250,1996,16,frame,own,1,325000,2500,500,good,0,1,0,0,0,coastal or hurricane-exposed county,,,,,,,
FL-1016,FL,2950,1972,21,frame,own,0,750000,1000,300,good,0,1,0,0,0,coastal or hurricane-exposed county,,,,,,,
FL-1017,FL,1700,2010,14,frame,own,0,380000,2500,300,poor,0,0,0,0,0,"inland, no special hazard",,,,,,,
FL-1018,FL,3050,1990,22,frame,own,0,735000,1000,300,excellent,1,1,0,0,0,coastal or hurricane-exposed county; in or near a mapped flood zone,,,,,,,
FL-1019,FL,1650,2014,4,frame,own,0,405000,2500,500,excellent,0,1,0,0,0,coastal or hurricane-exposed county,,,,,,,
FL-1020,FL,2650,1957,24,frame,own,0,615000,1000,300,good,0,0,0,0,0,"inland, no special hazard",,,,,,,
FL-1021,FL,2150,1985,16,frame,own,0,560000,1000,300,good,0,1,0,0,0,coastal or hurricane-exposed county,,,,,,,
FL-1022,FL,1500,1966,25,frame,own,0,355000,2500,300,fair,0,1,0,0,0,coastal or hurricane-exposed county,,,,,,,
FL-1023,FL,2300,1961,17,frame,own,0,480000,2500,300,fair,0,1,0,0,0,coastal or hurricane-exposed county,,,,,,,
FL-1024,FL,1350,1984,14,frame,own,0,290000,1000,300,good,1,1,0,1,0,coastal or hurricane-exposed county; in or near a mapped flood zone; hail or tornado region,,,,,,,
FL-1025,FL,1950,2007,17,brick,own,1,505000,2500,500,fair,0,0,0,0,0,"inland, no special hazard",,,,,,,
FL-1026,FL,1400,1993,8,frame,own,1,370000,2500,300,fair,0,1,0,0,0,coastal or hurricane-exposed county,,,,,,,
FL-1027,FL,2000,1976,21,frame,own,0,445000,2500,100,excellent,0,1,0,0,0,coastal or hurricane-exposed county,,,,,,,
FL-1028,FL,1600,1987,20,brick,own,0,335000,2500,100,good,1,0,0,1,0,in or near a mapped flood zone; hail or tornado region,,,,,,,
FL-1029,FL,2850,1962,8,frame,own,0,830000,1000,300,good,0,0,0,0,0,"inland, no special hazard",,,,,,,
FL-1030,FL,2200,2002,12,frame,own,1,535000,1000,300,excellent,0,1,0,0,0,coastal or hurricane-exposed county,,,,,,,
FL-1031,FL,3350,2008,4,frame,own,0,865000,2500,100,poor,1,1,0,0,0,coastal or hurricane-exposed county; in or near a mapped flood zone,,,,,,,
FL-1032,FL,2100,2019,2,frame,own,1,445000,1000,500,good,0,0,0,0,0,"inland, no special hazard",,,,,,,
FL-1033,FL,3700,2010,15,frame,own,1,770000,1000,300,good,0,1,0,0,0,coastal or hurricane-exposed county,,,,,,,
FL-1034,FL,3350,2022,0,frame,own,0,970000,2500,100,good,0,1,0,0,0,coastal or hurricane-exposed county,,,,,,,
FL-1035,FL,2050,1964,20,frame,own,1,510000,5000,100,excellent,1,1,0,0,0,coastal or hurricane-exposed county; in or near a mapped flood zone,,,,,,,
FL-1036,FL,3450,2007,5,frame,own,0,890000,1000,300,good,0,0,0,0,0,"inland, no special hazard",,,,,,,
FL-1037,FL,2750,1965,1,frame,own,0,810000,1000,300,excellent,1,1,0,0,0,coastal or hurricane-exposed county; in or near a mapped flood zone,,,,,,,
FL-1038,FL,1200,1956,9,brick,own,2,320000,1000,300,fair,0,1,0,0,0,coastal or hurricane-exposed county,,,,,,,
FL-1039,FL,3700,1970,10,brick,own,0,1090000,1000,300,good,0,1,0,0,0,coastal or hurricane-exposed county,,,,,,,
FL-1040,FL,1150,1965,17,frame,own,0,325000,1000,300,excellent,0,0,0,0,0,"inland, no special hazard",,,,,,,
FL-1041,FL,1850,1999,3,brick,own,0,480000,5000,300,good,0,1,0,0,0,coastal or hurricane-exposed county,,,,,,,
FL-1042,FL,3650,2020,5,frame,own,1,1035000,1000,300,excellent,0,1,0,0,0,coastal or hurricane-exposed county,,,,,,,
FL-1043,FL,1400,1971,4,brick,own,0,395000,5000,300,good,0,1,0,0,0,coastal or hurricane-exposed county,,,,,,,
FL-1044,FL,3250,1968,24,brick,own,0,770000,2500,300,good,0,0,0,0,0,"inland, no special hazard",,,,,,,
FL-1045,FL,1300,1990,17,frame,own,1,270000,1000,500,good,0,0,0,1,0,hail or tornado region,,,,,,,
FL-1046,FL,2200,1982,22,frame,own,0,555000,1000,300,good,0,0,0,1,0,hail or tornado region,,,,,,,
FL-1047,FL,3400,1995,20,frame,own,0,685000,1000,300,excellent,0,1,0,0,0,coastal or hurricane-exposed county,,,,,,,
FL-1048,FL,2000,1984,21,frame,own,0,530000,1000,300,excellent,0,0,0,0,0,"inland, no special hazard",,,,,,,
FL-1049,FL,3250,1986,24,frame,own,0,695000,2500,300,good,0,1,0,1,0,coastal or hurricane-exposed county; hail or tornado region,,,,,,,
FL-1050,FL,1700,2000,17,frame,own,1,500000,1000,500,good,1,1,0,0,0,coastal or hurricane-exposed county; in or near a mapped flood zone,,,,,,,
FL-1051,FL,3750,2016,3,frame,own,1,950000,1000,300,good,0,0,0,0,0,"inland, no special hazard",,,,,,,
FL-1052,FL,1750,1999,4,frame,own,0,485000,1000,300,poor,0,1,0,0,0,coastal or hurricane-exposed county,,,,,,,
FL-1053,FL,3400,1982,7,frame,own,0,800000,2500,300,fair,1,1,0,0,0,coastal or hurricane-exposed county; in or near a mapped flood zone,,,,,,,
FL-1054,FL,1550,1966,21,frame,own,0,355000,1000,300,good,0,0,0,0,0,"inland, no special hazard",,,,,,,
FL-1055,FL,2150,2009,14,brick,own,0,500000,1000,100,good,0,1,0,0,0,coastal or hurricane-exposed county,,,,,,,
FL-1056,FL,3050,1974,23,frame,own,0,880000,1000,300,good,0,1,0,1,0,coastal or hurricane-exposed county; hail or tornado region,,,,,,,
FL-1057,FL,1550,1957,16,frame,own,2,370000,1000,300,good,0,1,0,0,0,coastal or hurricane-exposed county,,,,,,,
FL-1058,FL,3250,1961,24,frame,own,1,970000,1000,300,good,0,1,0,0,0,coastal or hurricane-exposed county,,,,,,,
FL-1059,FL,1200,2018,6,frame,own,1,290000,1000,300,poor,0,1,0,0,0,coastal or hurricane-exposed county,,,,,,,
FL-1060,FL,1800,1984,22,frame,own,0,425000,1000,300,excellent,0,0,0,0,0,"inland, no special hazard",,,,,,,
